[{"model": "bart.command", "pk": "083c4b4e-b20c-484f-84e2-19f4f7afb688", "fields": {"name": "help", "api_cmd": "help", "link": "", "formatter": "display_help"}}, {"model": "bart.command", "pk": "0915ef86-a804-40c7-8b28-bf398847e288", "fields": {"name": "", "api_cmd": "etd", "link": "http://api.bart.gov/api/etd.aspx?", "formatter": "etd_format"}}, {"model": "bart.command", "pk": "2697f1d1-1fc6-489a-b9e6-66f48b2482cf", "fields": {"name": "depart", "api_cmd": "depart", "link": "http://api.bart.gov/api/sched.aspx?", "formatter": "depart_format"}}, {"model": "bart.command", "pk": "4e605b25-d8ff-4365-9976-4ee7e840c998", "fields": {"name": "", "api_cmd": "depart", "link": "http://api.bart.gov/api/sched.aspx?", "formatter": "depart_format"}}, {"model": "bart.command", "pk": "90e7f193-f622-4eb2-bc64-85345ec02d19", "fields": {"name": "etd", "api_cmd": "etd", "link": "http://api.bart.gov/api/etd.aspx?", "formatter": "etd_format"}}, {"model": "bart.command", "pk": "c2029051-ef22-4be0-9021-918d06a32bdf", "fields": {"name": "", "api_cmd": "help", "link": "", "formatter": "display_help"}}, {"model": "bart.parameter", "pk": 1, "fields": {"name": "orig", "param_type": "station", "default_value": "", "required": true, "order": 2, "commands": ["0915ef86-a804-40c7-8b28-bf398847e288", "2697f1d1-1fc6-489a-b9e6-66f48b2482cf", "4e605b25-d8ff-4365-9976-4ee7e840c998", "90e7f193-f622-4eb2-bc64-85345ec02d19"]}}, {"model": "bart.parameter", "pk": 2, "fields": {"name": "dest", "param_type": "station", "default_value": "", "required": true, "order": 3, "commands": ["2697f1d1-1fc6-489a-b9e6-66f48b2482cf", "4e605b25-d8ff-4365-9976-4ee7e840c998"]}}, {"model": "bart.parameter", "pk": 3, "fields": {"name": "dir", "param_type": "dir", "default_value": "", "required": false, "order": 3, "commands": ["90e7f193-f622-4eb2-bc64-85345ec02d19"]}}, {"model": "bart.parameter", "pk": 4, "fields": {"name": "b", "param_type": "num_trains", "default_value": "0", "required": false, "order": 4, "commands": ["2697f1d1-1fc6-489a-b9e6-66f48b2482cf", "4e605b25-d8ff-4365-9976-4ee7e840c998"]}}, {"model": "bart.parameter", "pk": 5, "fields": {"name": "cmd", "param_type": "command", "default_value": "", "required": true, "order": 1, "commands": ["083c4b4e-b20c-484f-84e2-19f4f7afb688", "2697f1d1-1fc6-489a-b9e6-66f48b2482cf", "90e7f193-f622-4eb2-bc64-85345ec02d19"]}}, {"model": "bart.station", "pk": "12TH", "fields": {"name": "12th St. Oakland City Center", "head_station": false}}, {"model": "bart.station", "pk": "16TH", "fields": {"name": "16th St. Mission", "head_station": false}}, {"model": "bart.station", "pk": "19TH", "fields": {"name": "19th St. Oakland", "head_station": false}}, {"model": "bart.station", "pk": "24TH", "fields": {"name": "24th St. Mission", "head_station": true}}, {"model": "bart.station", "pk": "ASHB", "fields": {"name": "Ashby", "head_station": false}}, {"model": "bart.station", "pk": "BALB", "fields": {"name": "Balboa Park", "head_station": false}}, {"model": "bart.station", "pk": "BAYF", "fields": {"name": "Bay Fair", "head_station": false}}, {"model": "bart.station", "pk": "CAST", "fields": {"name": "Castro Valley", "head_station": false}}, {"model": "bart.station", "pk": "CIVC", "fields": {"name": "Civic Center/UN Plaza", "head_station": false}}, {"model": "bart.station", "pk": "COLM", "fields": {"name": "Colma", "head_station": false}}, {"model": "bart.station", "pk": "COLS", "fields": {"name": "Coliseum", "head_station": false}}, {"model": "bart.station", "pk": "CONC", "fields": {"name": "Concord", "head_station": false}}, {"model": "bart.station", "pk": "DALY", "fields": {"name": "Daly City", "head_station": true}}, {"model": "bart.station", "pk": "DBRK", "fields": {"name": "Downtown Berkeley", "head_station": false}}, {"model": "bart.station", "pk": "DELN", "fields": {"name": "El Cerrito del Norte", "head_station": false}}, {"model": "bart.station", "pk": "DUBL", "fields": {"name": "Dublin/Pleasanton", "head_station": true}}, {"model": "bart.station", "pk": "EMBR", "fields": {"name": "Embarcadero", "head_station": false}}, {"model": "bart.station", "pk": "FRMT", "fields": {"name": "Fremont", "head_station": true}}, {"model": "bart.station", "pk": "FTVL", "fields": {"name": "Fruitvale", "head_station": false}}, {"model": "bart.station", "pk": "GLEN", "fields": {"name": "Glen Park", "head_station": false}}, {"model": "bart.station", "pk": "HAYW", "fields": {"name": "Hayward", "head_station": false}}, {"model": "bart.station", "pk": "LAFY", "fields": {"name": "Lafayette", "head_station": false}}, {"model": "bart.station", "pk": "LAKE", "fields": {"name": "Lake Merritt", "head_station": false}}, {"model": "bart.station", "pk": "MCAR", "fields": {"name": "MacArthur", "head_station": false}}, {"model": "bart.station", "pk": "MLBR", "fields": {"name": "Millbrae", "head_station": true}}, {"model": "bart.station", "pk": "MONT", "fields": {"name": "Montgomery St.", "head_station": false}}, {"model": "bart.station", "pk": "NBRK", "fields": {"name": "North Berkeley", "head_station": false}}, {"model": "bart.station", "pk": "NCON", "fields": {"name": "North Concord/Martinez", "head_station": false}}, {"model": "bart.station", "pk": "OAKL", "fields": {"name": "Oakland Int'l Airport", "head_station": false}}, {"model": "bart.station", "pk": "ORIN", "fields": {"name": "Orinda", "head_station": false}}, {"model": "bart.station", "pk": "PHIL", "fields": {"name": "Pleasant Hill/Contra Costa Centre", "head_station": false}}, {"model": "bart.station", "pk": "PITT", "fields": {"name": "Pittsburg/Bay Point", "head_station": true}}, {"model": "bart.station", "pk": "PLZA", "fields": {"name": "El Cerrito Plaza", "head_station": false}}, {"model": "bart.station", "pk": "POWL", "fields": {"name": "Powell St.", "head_station": false}}, {"model": "bart.station", "pk": "RICH", "fields": {"name": "Richmond", "head_station": false}}, {"model": "bart.station", "pk": "ROCK", "fields": {"name": "Rockridge", "head_station": false}}, {"model": "bart.station", "pk": "SANL", "fields": {"name": "San Leandro", "head_station": false}}, {"model": "bart.station", "pk": "SBRN", "fields": {"name": "San Bruno", "head_station": false}}, {"model": "bart.station", "pk": "SFIA", "fields": {"name": "San Francisco Int'l Airport", "head_station": true}}, {"model": "bart.station", "pk": "SHAY", "fields": {"name": "South Hayward", "head_station": false}}, {"model": "bart.station", "pk": "SSAN", "fields": {"name": "South San Francisco", "head_station": false}}, {"model": "bart.station", "pk": "UCTY", "fields": {"name": "Union City", "head_station": false}}, {"model": "bart.station", "pk": "WCRK", "fields": {"name": "Walnut Creek", "head_station": false}}, {"model": "bart.station", "pk": "WDUB", "fields": {"name": "West Dublin/Pleasanton", "head_station": false}}, {"model": "bart.station", "pk": "WOAK", "fields": {"name": "West Oakland", "head_station": false}}, {"model": "bart.line", "pk": 1, "fields": {"name": "Richmond/Millbrae", "hex_color": "#ff0000", "stations": ["12TH", "16TH", "19TH", "24TH", "ASHB", "BALB", "CIVC", "COLM", "DALY", "DBRK", "DELN", "EMBR", "GLEN", "MCAR", "MLBR", "MONT", "NBRK", "PLZA", "POWL", "RICH", "SBRN", "SSAN", "WOAK"]}}, {"model": "bart.line", "pk": 2, "fields": {"name": "Pittsburg/SFO", "hex_color": "#ffff33", "stations": ["12TH", "16TH", "19TH", "24TH", "BALB", "CIVC", "COLM", "CONC", "DALY", "EMBR", "GLEN", "LAFY", "MCAR", "MLBR", "MONT", "NCON", "ORIN", "PHIL", "PITT", "POWL", "ROCK", "SBRN", "SFIA", "SSAN", "WCRK", "WOAK"]}}, {"model": "bart.line", "pk": 3, "fields": {"name": "Dublin/Daly City", "hex_color": "#0099cc", "stations": ["16TH", "24TH", "BALB", "BAYF", "CAST", "CIVC", "COLS", "DALY", "DUBL", "EMBR", "FTVL", "GLEN", "LAKE", "MONT", "POWL", "SANL", "WDUB", "WOAK"]}}, {"model": "bart.line", "pk": 4, "fields": {"name": "Fremont/Daly City", "hex_color": "#339933", "stations": ["16TH", "24TH", "BALB", "BAYF", "CIVC", "COLS", "DALY", "EMBR", "FRMT", "FTVL", "GLEN", "HAYW", "LAKE", "MONT", "POWL", "SANL", "SHAY", "UCTY", "WOAK"]}}, {"model": "bart.line", "pk": 5, "fields": {"name": "Richmond/Fremont", "hex_color": "#ff9933", "stations": ["12TH", "19TH", "ASHB", "BAYF", "COLS", "DBRK", "DELN", "FRMT", "FTVL", "HAYW", "MCAR", "NBRK", "PLZA", "RICH", "SANL", "SHAY", "UCTY"]}}, {"model": "bart.stationalias", "pk": 2, "fields": {"alias": "SFO", "station": "SFIA"}}, {"model": "bart.stationalias", "pk": 3, "fields": {"alias": "Oracle Arena", "station": "COLS"}}]