[{"model": "bart.command", "pk": "083c4b4e-b20c-484f-84e2-19f4f7afb688", "fields": {"name": "help", "api_cmd": "help", "link": "", "formatter": "display_help"}}, {"model": "bart.command", "pk": "0915ef86-a804-40c7-8b28-bf398847e288", "fields": {"name": "", "api_cmd": "etd", "link": "http://api.bart.gov/api/etd.aspx?", "formatter": "etd_format"}}, {"model": "bart.command", "pk": "2697f1d1-1fc6-489a-b9e6-66f48b2482cf", "fields": {"name": "depart", "api_cmd": "depart", "link": "http://api.bart.gov/api/sched.aspx?", "formatter": "depart_format"}}, {"model": "bart.command", "pk": "4e605b25-d8ff-4365-9976-4ee7e840c998", "fields": {"name": "", "api_cmd": "depart", "link": "http://api.bart.gov/api/sched.aspx?", "formatter": "depart_format"}}, {"model": "bart.command", "pk": "90e7f193-f622-4eb2-bc64-85345ec02d19", "fields": {"name": "etd", "api_cmd": "etd", "link": "http://api.bart.gov/api/etd.aspx?", "formatter": "etd_format"}}, {"model": "bart.command", "pk": "c2029051-ef22-4be0-9021-918d06a32bdf", "fields": {"name": "", "api_cmd": "help", "link": "", "formatter": "display_help"}}, {"model": "bart.parameter", "pk": 1, "fields": {"name": "orig", "param_type": "station", "default_value": "", "required": true, "order": 2, "commands": ["0915ef86-a804-40c7-8b28-bf398847e288", "2697f1d1-1fc6-489a-b9e6-66f48b2482cf", "4e605b25-d8ff-4365-9976-4ee7e840c998", "90e7f193-f622-4eb2-bc64-85345ec02d19"]}}, {"model": "bart.parameter", "pk": 2, "fields": {"name": "dest", "param_type": "station", "default_value": "", "required": true, "order": 3, "commands": ["2697f1d1-1fc6-489a-b9e6-66f48b2482cf", "4e605b25-d8ff-4365-9976-4ee7e840c998"]}}, {"model": "bart.parameter", "pk": 3, "fields": {"name": "dir", "param_type": "dir", "default_value": "", "required": false, "order": 3, "commands": ["90e7f193-f622-4eb2-bc64-85345ec02d19"]}}, {"model": "bart.parameter", "pk": 4, "fields": {"name": "b", "param_type": "num_trains", "default_value": "0", "required": false, "order": 4, "commands": ["2697f1d1-1fc6-489a-b9e6-66f48b2482cf", "4e605b25-d8ff-4365-9976-4ee7e840c998"]}}, {"model": "bart.parameter", "pk": 5, "fields": {"name": "cmd", "param_type": "command", "default_value": "", "required": true, "order": 1, "commands": ["083c4b4e-b20c-484f-84e2-19f4f7afb688", "2697f1d1-1fc6-489a-b9e6-66f48b2482cf", "90e7f193-f622-4eb2-bc64-85345ec02d19"]}}, {"model": "bart.station", "pk": "12TH", "fields": {"name": "12th St. Oakland City Center", "head_station": false}}, {"model": "bart.station", "pk": "16TH", "fields": {"name": "16th St. Mission", "head_station": false}}, {"model": "bart.station", "pk": "19TH", "fields": {"name": "19th St. Oakland", "head_station": false}}, {"model": "bart.station", "pk": "24TH", "fields": {"name": "24th St. Mission", "head_station": true}}, {"model": "bart.station", "pk": "ASHB", "fields": {"name": "Ashby", "head_station": false}}, {"model": "bart.station", "pk": "BALB", "fields": {"name": "Balboa Park", "head_station": false}}, {"model": "bart.station", "pk": "BAYF", "fields": {"name": "Bay Fair", "head_station": false}}, {"model": "bart.station", "pk": "CAST", "fields": {"name": "Castro Valley", "head_station": false}}, {"model": "bart.station", "pk": "CIVC", "fields": {"name": "Civic Center/UN Plaza", "head_station": false}}, {"model": "bart.station", "pk": "COLM", "fields": {"name": "Colma", "head_station": false}}, {"model": "bart.station", "pk": "COLS", "fields": {"name": "Coliseum", "head_station": false}}, {"model": "bart.station", "pk": "CONC", "fields": {"name": "Concord", "head_station": false}}, {"model": "bart.station", "pk": "DALY", "fields": {"name": "Daly City", "head_station": true}}, {"model": "bart.station", "pk": "DBRK", "fields": {"name": "Downtown Berkeley", "head_station": false}}, {"model": "bart.station", "pk": "DELN", "fields": {"name": "El Cerrito del Norte", "head_station": false}}, {"model": "bart.station", "pk": "DUBL", "fields": {"name": "Dublin/Pleasanton", "head_station": true}}, {"model": "bart.station", "pk": "EMBR", "fields": {"name": "Embarcadero", "head_station": false}}, {"model": "bart.station", "pk": "FRMT", "fields": {"name": "Fremont", "head_station": true}}, {"model": "bart.station", "pk": "FTVL", "fields": {"name": "Fruitvale", "head_station": false}}, {"model": "bart.station", "pk": "GLEN", "fields": {"name": "Glen Park", "head_station": false}}, {"model": "bart.station", "pk": "HAYW", "fields": {"name": "Hayward", "head_station": false}}, {"model": "bart.station", "pk": "LAFY", "fields": {"name": "Lafayette", "head_station": false}}, {"model": "bart.station", "pk": "LAKE", "fields": {"name": "Lake Merritt", "head_station": false}}, {"model": "bart.station", "pk": "MCAR", "fields": {"name": "MacArthur", "head_station": false}}, {"model": "bart.station", "pk": "MLBR", "fields": {"name": "Millbrae", "head_station": true}}, {"model": "bart.station", "pk": "MONT", "fields": {"name": "Montgomery St.", "head_station": false}}, {"model": "bart.station", "pk": "NBRK", "fields": {"name": "North Berkeley", "head_station": false}}, {"model": "bart.station", "pk": "NCON", "fields": {"name": "North Concord/Martinez", "head_station": false}}, {"model": "bart.station", "pk": "OAKL", "fields": {"name": "Oakland Int'l Airport", "head_station": false}}, {"model": "bart.station", "pk": "ORIN", "fields": {"name": "Orinda", "head_station": false}}, {"model": "bart.station", "pk": "PHIL", "fields": {"name": "Pleasant Hill/Contra Costa Centre", "head_station": false}}, {"model": "bart.station", "pk": "PITT", "fields": {"name": "Pittsburg/Bay Point", "head_station": true}}, {"model": "bart.station", "pk": "PLZA", "fields": {"name": "El Cerrito Plaza", "head_station": false}}, {"model": "bart.station", "pk": "POWL", "fields": {"name": "Powell St.", "head_station": false}}, {"model": "bart.station", "pk": "RICH", "fields": {"name": "Richmond", "head_station": false}}, {"model": "bart.station", "pk": "ROCK", "fields": {"name": "Rockridge", "head_station": false}}, {"model": "bart.station", "pk": "SANL", "fields": {"name": "San Leandro", "head_station": false}}, {"model": "bart.station", "pk": "SBRN", "fields": {"name": "San Bruno", "head_station": false}}, {"model": "bart.station", "pk": "SFIA", "fields": {"name": "San Francisco Int'l Airport", "head_station": true}}, {"model": "bart.station", "pk": "SHAY", "fields": {"name": "South Hayward", "head_station": false}}, {"model": "bart.station", "pk": "SSAN", "fields": {"name": "South San Francisco", "head_station": false}}, {"model": "bart.station", "pk": "UCTY", "fields": {"name": "Union City", "head_station": false}}, {"model": "bart.station", "pk": "WCRK", "fields": {"name": "Walnut Creek", "head_station": false}}, {"model": "bart.station", "pk": "WDUB", "fields": {"name": "West Dublin/Pleasanton", "head_station": false}}, {"model": "bart.station", "pk": "WOAK", "fields": {"name": "West Oakland", "head_station": false}}, {"model": "bart.line", "pk": 1, "fields": {"name": "Richmond/Millbrae", "hex_color": "#ff0000", "stations": ["12TH", "16TH", "19TH", "24TH", "ASHB", "BALB", "CIVC", "COLM", "DALY", "DBRK", "DELN", "EMBR", "GLEN", "MCAR", "MLBR", "MONT", "NBRK", "PLZA", "POWL", "RICH", "SBRN", "SSAN", "WOAK"]}}, {"model": "bart.line", "pk": 2, "fields": {"name": "Pittsburg/SFO", "hex_color": "#ffff33", "stations": ["12TH", "16TH", "19TH", "24TH", "BALB", "CIVC", "COLM", "CONC", "DALY", "EMBR", "GLEN", "LAFY", "MCAR", "MLBR", "MONT", "NCON", "ORIN", "PHIL", "PITT", "POWL", "ROCK", "SBRN", "SFIA", "SSAN", "WCRK", "WOAK"]}}, {"model": "bart.line", "pk": 3, "fields": {"name": "Dublin/Daly City", "hex_color": "#0099cc", "stations": ["16TH", "24TH", "BALB", "BAYF", "CAST", "CIVC", "COLS", "DALY", "DUBL", "EMBR", "FTVL", "GLEN", "LAKE", "MONT", "POWL", "SANL", "WDUB", "WOAK"]}}, {"model": "bart.line", "pk": 4, "fields": {"name": "Fremont/Daly City", "hex_color": "#339933", "stations": ["16TH", "24TH", "BALB", "BAYF", "CIVC", "COLS", "DALY", "EMBR", "FRMT", "FTVL", "GLEN", "HAYW", "LAKE", "MONT", "POWL", "SANL", "SHAY", "UCTY", "WOAK"]}}, {"model": "bart.line", "pk": 5, "fields": {"name": "Richmond/Fremont", "hex_color": "#ff9933", "stations": ["12TH", "19TH", "ASHB", "BAYF", "COLS", "DBRK", "DELN", "FRMT", "FTVL", "HAYW", "MCAR", "NBRK", "PLZA", "RICH", "SANL", "SHAY", "UCTY"]}}, {"model": "bart.stationalias", "pk": 2, "fields": {"alias": "SFO", "station": "SFIA"}}, {"model": "bart.stationalias", "pk": 3, "fields": {"alias": "Oracle Arena", "station": "COLS"}}, {"model": "contenttypes.contenttype", "pk": 1, "fields": {"app_label": "bart", "model": "command"}}, {"model": "contenttypes.contenttype", "pk": 2, "fields": {"app_label": "bart", "model": "parameter"}}, {"model": "contenttypes.contenttype", "pk": 3, "fields": {"app_label": "admin", "model": "logentry"}}, {"model": "contenttypes.contenttype", "pk": 4, "fields": {"app_label": "auth", "model": "permission"}}, {"model": "contenttypes.contenttype", "pk": 5, "fields": {"app_label": "auth", "model": "user"}}, {"model": "contenttypes.contenttype", "pk": 6, "fields": {"app_label": "auth", "model": "group"}}, {"model": "contenttypes.contenttype", "pk": 7, "fields": {"app_label": "contenttypes", "model": "contenttype"}}, {"model": "contenttypes.contenttype", "pk": 8, "fields": {"app_label": "sessions", "model": "session"}}, {"model": "contenttypes.contenttype", "pk": 9, "fields": {"app_label": "bart", "model": "stationalias"}}, {"model": "contenttypes.contenttype", "pk": 10, "fields": {"app_label": "bart", "model": "station"}}, {"model": "contenttypes.contenttype", "pk": 11, "fields": {"app_label": "bart", "model": "line"}}, {"model": "sessions.session", "pk": "lleud2mgxntatdczk3itubyp1vudlu19", "fields": {"session_data": "MDIzNjM2MDdjMDU5NzU4MmNhMzMwOTRmNDg4ZDA3MDEwYTY2NWNiODp7Il9hdXRoX3VzZXJfaGFzaCI6IjYzOGM5YjNhYzE1MWE3ZDlmOGI0NGRiZjU4M2NiZmUyN2FhNGJiNzQiLCJfYXV0aF91c2VyX2JhY2tlbmQiOiJkamFuZ28uY29udHJpYi5hdXRoLmJhY2tlbmRzLk1vZGVsQmFja2VuZCIsIl9hdXRoX3VzZXJfaWQiOiIxIn0=", "expire_date": "2016-12-28T19:08:47.828Z"}}, {"model": "sessions.session", "pk": "owvzuq3k4hym2et63vfs5sndphjghda9", "fields": {"session_data": "MDIzNjM2MDdjMDU5NzU4MmNhMzMwOTRmNDg4ZDA3MDEwYTY2NWNiODp7Il9hdXRoX3VzZXJfaGFzaCI6IjYzOGM5YjNhYzE1MWE3ZDlmOGI0NGRiZjU4M2NiZmUyN2FhNGJiNzQiLCJfYXV0aF91c2VyX2JhY2tlbmQiOiJkamFuZ28uY29udHJpYi5hdXRoLmJhY2tlbmRzLk1vZGVsQmFja2VuZCIsIl9hdXRoX3VzZXJfaWQiOiIxIn0=", "expire_date": "2016-12-23T07:25:08.983Z"}}, {"model": "sessions.session", "pk": "un8bxf48nwur5jpo6e2e6u88kvkhwk67", "fields": {"session_data": "MDIzNjM2MDdjMDU5NzU4MmNhMzMwOTRmNDg4ZDA3MDEwYTY2NWNiODp7Il9hdXRoX3VzZXJfaGFzaCI6IjYzOGM5YjNhYzE1MWE3ZDlmOGI0NGRiZjU4M2NiZmUyN2FhNGJiNzQiLCJfYXV0aF91c2VyX2JhY2tlbmQiOiJkamFuZ28uY29udHJpYi5hdXRoLmJhY2tlbmRzLk1vZGVsQmFja2VuZCIsIl9hdXRoX3VzZXJfaWQiOiIxIn0=", "expire_date": "2017-01-18T20:39:50.782Z"}}, {"model": "auth.permission", "pk": 1, "fields": {"name": "Can add command", "content_type": 1, "codename": "add_command"}}, {"model": "auth.permission", "pk": 2, "fields": {"name": "Can change command", "content_type": 1, "codename": "change_command"}}, {"model": "auth.permission", "pk": 3, "fields": {"name": "Can delete command", "content_type": 1, "codename": "delete_command"}}, {"model": "auth.permission", "pk": 4, "fields": {"name": "Can add parameter", "content_type": 2, "codename": "add_parameter"}}, {"model": "auth.permission", "pk": 5, "fields": {"name": "Can change parameter", "content_type": 2, "codename": "change_parameter"}}, {"model": "auth.permission", "pk": 6, "fields": {"name": "Can delete parameter", "content_type": 2, "codename": "delete_parameter"}}, {"model": "auth.permission", "pk": 7, "fields": {"name": "Can add log entry", "content_type": 3, "codename": "add_logentry"}}, {"model": "auth.permission", "pk": 8, "fields": {"name": "Can change log entry", "content_type": 3, "codename": "change_logentry"}}, {"model": "auth.permission", "pk": 9, "fields": {"name": "Can delete log entry", "content_type": 3, "codename": "delete_logentry"}}, {"model": "auth.permission", "pk": 10, "fields": {"name": "Can add permission", "content_type": 4, "codename": "add_permission"}}, {"model": "auth.permission", "pk": 11, "fields": {"name": "Can change permission", "content_type": 4, "codename": "change_permission"}}, {"model": "auth.permission", "pk": 12, "fields": {"name": "Can delete permission", "content_type": 4, "codename": "delete_permission"}}, {"model": "auth.permission", "pk": 13, "fields": {"name": "Can add user", "content_type": 5, "codename": "add_user"}}, {"model": "auth.permission", "pk": 14, "fields": {"name": "Can change user", "content_type": 5, "codename": "change_user"}}, {"model": "auth.permission", "pk": 15, "fields": {"name": "Can delete user", "content_type": 5, "codename": "delete_user"}}, {"model": "auth.permission", "pk": 16, "fields": {"name": "Can add group", "content_type": 6, "codename": "add_group"}}, {"model": "auth.permission", "pk": 17, "fields": {"name": "Can change group", "content_type": 6, "codename": "change_group"}}, {"model": "auth.permission", "pk": 18, "fields": {"name": "Can delete group", "content_type": 6, "codename": "delete_group"}}, {"model": "auth.permission", "pk": 19, "fields": {"name": "Can add content type", "content_type": 7, "codename": "add_contenttype"}}, {"model": "auth.permission", "pk": 20, "fields": {"name": "Can change content type", "content_type": 7, "codename": "change_contenttype"}}, {"model": "auth.permission", "pk": 21, "fields": {"name": "Can delete content type", "content_type": 7, "codename": "delete_contenttype"}}, {"model": "auth.permission", "pk": 22, "fields": {"name": "Can add session", "content_type": 8, "codename": "add_session"}}, {"model": "auth.permission", "pk": 23, "fields": {"name": "Can change session", "content_type": 8, "codename": "change_session"}}, {"model": "auth.permission", "pk": 24, "fields": {"name": "Can delete session", "content_type": 8, "codename": "delete_session"}}, {"model": "auth.permission", "pk": 25, "fields": {"name": "Can add station alias", "content_type": 9, "codename": "add_stationalias"}}, {"model": "auth.permission", "pk": 26, "fields": {"name": "Can change station alias", "content_type": 9, "codename": "change_stationalias"}}, {"model": "auth.permission", "pk": 27, "fields": {"name": "Can delete station alias", "content_type": 9, "codename": "delete_stationalias"}}, {"model": "auth.permission", "pk": 28, "fields": {"name": "Can add station", "content_type": 10, "codename": "add_station"}}, {"model": "auth.permission", "pk": 29, "fields": {"name": "Can change station", "content_type": 10, "codename": "change_station"}}, {"model": "auth.permission", "pk": 30, "fields": {"name": "Can delete station", "content_type": 10, "codename": "delete_station"}}, {"model": "auth.permission", "pk": 31, "fields": {"name": "Can add line", "content_type": 11, "codename": "add_line"}}, {"model": "auth.permission", "pk": 32, "fields": {"name": "Can change line", "content_type": 11, "codename": "change_line"}}, {"model": "auth.permission", "pk": 33, "fields": {"name": "Can delete line", "content_type": 11, "codename": "delete_line"}}, {"model": "auth.user", "pk": 1, "fields": {"password": "pbkdf2_sha256$30000$7I5NF44yeLnx$EqqVy9saKQVmBk+cdbanOnKv3dzcNeYG4isNQ5x0YCU=", "last_login": "2017-01-04T20:39:50.780Z", "is_superuser": true, "username": "holson", "first_name": "", "last_name": "", "email": "henryolson1@gmail.com", "is_staff": true, "is_active": true, "date_joined": "2016-12-09T07:24:55.803Z", "groups": [], "user_permissions": []}}, {"model": "admin.logentry", "pk": 1, "fields": {"action_time": "2016-12-11T23:27:27.381Z", "user": 1, "content_type": 1, "object_id": "0915ef86-a804-40c7-8b28-bf398847e288", "object_repr": "etd_full", "action_flag": 1, "change_message": "[{\"added\": {}}]"}}, {"model": "admin.logentry", "pk": 2, "fields": {"action_time": "2016-12-11T23:28:31.867Z", "user": 1, "content_type": 1, "object_id": "90e7f193-f622-4eb2-bc64-85345ec02d19", "object_repr": "etd_short", "action_flag": 1, "change_message": "[{\"added\": {}}]"}}, {"model": "admin.logentry", "pk": 3, "fields": {"action_time": "2016-12-11T23:28:58.034Z", "user": 1, "content_type": 1, "object_id": "90e7f193-f622-4eb2-bc64-85345ec02d19", "object_repr": "etd_full", "action_flag": 2, "change_message": "[{\"changed\": {\"fields\": [\"name\"]}}]"}}, {"model": "admin.logentry", "pk": 4, "fields": {"action_time": "2016-12-11T23:29:22.788Z", "user": 1, "content_type": 1, "object_id": "0915ef86-a804-40c7-8b28-bf398847e288", "object_repr": "null", "action_flag": 2, "change_message": "[{\"changed\": {\"fields\": [\"name\"]}}]"}}, {"model": "admin.logentry", "pk": 5, "fields": {"action_time": "2016-12-11T23:29:50.392Z", "user": 1, "content_type": 1, "object_id": "2697f1d1-1fc6-489a-b9e6-66f48b2482cf", "object_repr": "depart", "action_flag": 1, "change_message": "[{\"added\": {}}]"}}, {"model": "admin.logentry", "pk": 6, "fields": {"action_time": "2016-12-11T23:29:56.163Z", "user": 1, "content_type": 1, "object_id": "90e7f193-f622-4eb2-bc64-85345ec02d19", "object_repr": "etd", "action_flag": 2, "change_message": "[{\"changed\": {\"fields\": [\"name\"]}}]"}}, {"model": "admin.logentry", "pk": 7, "fields": {"action_time": "2016-12-11T23:30:17.486Z", "user": 1, "content_type": 1, "object_id": "4e605b25-d8ff-4365-9976-4ee7e840c998", "object_repr": "null", "action_flag": 1, "change_message": "[{\"added\": {}}]"}}, {"model": "admin.logentry", "pk": 8, "fields": {"action_time": "2016-12-11T23:30:24.608Z", "user": 1, "content_type": 1, "object_id": "2697f1d1-1fc6-489a-b9e6-66f48b2482cf", "object_repr": "depart", "action_flag": 2, "change_message": "[{\"changed\": {\"fields\": [\"link\"]}}]"}}, {"model": "admin.logentry", "pk": 9, "fields": {"action_time": "2016-12-11T23:33:09.559Z", "user": 1, "content_type": 1, "object_id": "4e605b25-d8ff-4365-9976-4ee7e840c998", "object_repr": "", "action_flag": 2, "change_message": "[{\"changed\": {\"fields\": [\"name\"]}}]"}}, {"model": "admin.logentry", "pk": 10, "fields": {"action_time": "2016-12-11T23:33:15.212Z", "user": 1, "content_type": 1, "object_id": "0915ef86-a804-40c7-8b28-bf398847e288", "object_repr": "", "action_flag": 2, "change_message": "[{\"changed\": {\"fields\": [\"name\"]}}]"}}, {"model": "admin.logentry", "pk": 11, "fields": {"action_time": "2016-12-11T23:34:38.850Z", "user": 1, "content_type": 1, "object_id": "083c4b4e-b20c-484f-84e2-19f4f7afb688", "object_repr": "help", "action_flag": 1, "change_message": "[{\"added\": {}}]"}}, {"model": "admin.logentry", "pk": 12, "fields": {"action_time": "2016-12-11T23:34:49.533Z", "user": 1, "content_type": 1, "object_id": "c2029051-ef22-4be0-9021-918d06a32bdf", "object_repr": "", "action_flag": 1, "change_message": "[{\"added\": {}}]"}}, {"model": "admin.logentry", "pk": 13, "fields": {"action_time": "2016-12-11T23:37:18.507Z", "user": 1, "content_type": 2, "object_id": "1", "object_repr": "orig", "action_flag": 1, "change_message": "[{\"added\": {}}]"}}, {"model": "admin.logentry", "pk": 14, "fields": {"action_time": "2016-12-11T23:37:24.543Z", "user": 1, "content_type": 2, "object_id": "1", "object_repr": "orig", "action_flag": 2, "change_message": "[]"}}, {"model": "admin.logentry", "pk": 15, "fields": {"action_time": "2016-12-11T23:38:56.836Z", "user": 1, "content_type": 2, "object_id": "1", "object_repr": "orig", "action_flag": 2, "change_message": "[]"}}, {"model": "admin.logentry", "pk": 16, "fields": {"action_time": "2016-12-11T23:39:15.762Z", "user": 1, "content_type": 2, "object_id": "2", "object_repr": "dest", "action_flag": 1, "change_message": "[{\"added\": {}}]"}}, {"model": "admin.logentry", "pk": 17, "fields": {"action_time": "2016-12-11T23:39:50.429Z", "user": 1, "content_type": 2, "object_id": "3", "object_repr": "dir", "action_flag": 1, "change_message": "[{\"added\": {}}]"}}, {"model": "admin.logentry", "pk": 18, "fields": {"action_time": "2016-12-11T23:45:53.071Z", "user": 1, "content_type": 2, "object_id": "4", "object_repr": "b", "action_flag": 1, "change_message": "[{\"added\": {}}]"}}, {"model": "admin.logentry", "pk": 19, "fields": {"action_time": "2016-12-11T23:51:46.836Z", "user": 1, "content_type": 2, "object_id": "4", "object_repr": "b", "action_flag": 2, "change_message": "[]"}}, {"model": "admin.logentry", "pk": 20, "fields": {"action_time": "2016-12-11T23:51:51.091Z", "user": 1, "content_type": 2, "object_id": "3", "object_repr": "dir", "action_flag": 2, "change_message": "[{\"changed\": {\"fields\": [\"required\"]}}]"}}, {"model": "admin.logentry", "pk": 21, "fields": {"action_time": "2016-12-11T23:51:55.232Z", "user": 1, "content_type": 2, "object_id": "3", "object_repr": "dir", "action_flag": 2, "change_message": "[{\"changed\": {\"fields\": [\"required\"]}}]"}}, {"model": "admin.logentry", "pk": 22, "fields": {"action_time": "2016-12-11T23:52:01.009Z", "user": 1, "content_type": 2, "object_id": "2", "object_repr": "dest", "action_flag": 2, "change_message": "[{\"changed\": {\"fields\": [\"required\"]}}]"}}, {"model": "admin.logentry", "pk": 23, "fields": {"action_time": "2016-12-11T23:52:05.598Z", "user": 1, "content_type": 2, "object_id": "1", "object_repr": "orig", "action_flag": 2, "change_message": "[{\"changed\": {\"fields\": [\"required\"]}}]"}}, {"model": "admin.logentry", "pk": 24, "fields": {"action_time": "2016-12-12T00:54:50.855Z", "user": 1, "content_type": 1, "object_id": "90e7f193-f622-4eb2-bc64-85345ec02d19", "object_repr": "etd", "action_flag": 2, "change_message": "[]"}}, {"model": "admin.logentry", "pk": 25, "fields": {"action_time": "2016-12-12T00:56:00.112Z", "user": 1, "content_type": 2, "object_id": "5", "object_repr": "cmd", "action_flag": 1, "change_message": "[{\"added\": {}}]"}}, {"model": "admin.logentry", "pk": 26, "fields": {"action_time": "2016-12-12T00:57:28.382Z", "user": 1, "content_type": 2, "object_id": "5", "object_repr": "cmd", "action_flag": 2, "change_message": "[]"}}, {"model": "admin.logentry", "pk": 27, "fields": {"action_time": "2016-12-12T06:08:56.290Z", "user": 1, "content_type": 2, "object_id": "3", "object_repr": "dir", "action_flag": 2, "change_message": "[]"}}, {"model": "admin.logentry", "pk": 28, "fields": {"action_time": "2016-12-14T19:34:39.497Z", "user": 1, "content_type": 2, "object_id": "5", "object_repr": "cmd", "action_flag": 2, "change_message": "[{\"changed\": {\"fields\": [\"order\"]}}]"}}, {"model": "admin.logentry", "pk": 29, "fields": {"action_time": "2016-12-14T19:34:54.664Z", "user": 1, "content_type": 2, "object_id": "1", "object_repr": "orig", "action_flag": 2, "change_message": "[{\"changed\": {\"fields\": [\"order\"]}}]"}}, {"model": "admin.logentry", "pk": 30, "fields": {"action_time": "2016-12-14T19:35:10.617Z", "user": 1, "content_type": 2, "object_id": "2", "object_repr": "dest", "action_flag": 2, "change_message": "[{\"changed\": {\"fields\": [\"order\"]}}]"}}, {"model": "admin.logentry", "pk": 31, "fields": {"action_time": "2016-12-14T19:35:16.804Z", "user": 1, "content_type": 2, "object_id": "3", "object_repr": "dir", "action_flag": 2, "change_message": "[{\"changed\": {\"fields\": [\"order\"]}}]"}}, {"model": "admin.logentry", "pk": 32, "fields": {"action_time": "2016-12-14T19:35:23.513Z", "user": 1, "content_type": 2, "object_id": "4", "object_repr": "b", "action_flag": 2, "change_message": "[{\"changed\": {\"fields\": [\"order\"]}}]"}}, {"model": "admin.logentry", "pk": 33, "fields": {"action_time": "2016-12-14T22:32:30.304Z", "user": 1, "content_type": 2, "object_id": "5", "object_repr": "cmd", "action_flag": 2, "change_message": "[{\"changed\": {\"fields\": [\"required\"]}}]"}}, {"model": "admin.logentry", "pk": 34, "fields": {"action_time": "2016-12-22T02:01:11.386Z", "user": 1, "content_type": 9, "object_id": "1", "object_repr": "StationAlias object", "action_flag": 1, "change_message": "[{\"added\": {}}]"}}, {"model": "admin.logentry", "pk": 35, "fields": {"action_time": "2016-12-22T02:10:03.824Z", "user": 1, "content_type": 9, "object_id": "1", "object_repr": "StationAlias object", "action_flag": 3, "change_message": ""}}, {"model": "admin.logentry", "pk": 36, "fields": {"action_time": "2016-12-22T02:11:37.456Z", "user": 1, "content_type": 9, "object_id": "2", "object_repr": "StationAlias object", "action_flag": 1, "change_message": "[{\"added\": {}}]"}}, {"model": "admin.logentry", "pk": 37, "fields": {"action_time": "2016-12-22T02:13:26.214Z", "user": 1, "content_type": 9, "object_id": "3", "object_repr": "StationAlias object", "action_flag": 1, "change_message": "[{\"added\": {}}]"}}, {"model": "admin.logentry", "pk": 38, "fields": {"action_time": "2016-12-22T02:42:52.656Z", "user": 1, "content_type": 1, "object_id": "90e7f193-f622-4eb2-bc64-85345ec02d19", "object_repr": "etd", "action_flag": 2, "change_message": "[{\"changed\": {\"fields\": [\"formatter\"]}}]"}}, {"model": "admin.logentry", "pk": 39, "fields": {"action_time": "2016-12-22T02:42:58.726Z", "user": 1, "content_type": 1, "object_id": "4e605b25-d8ff-4365-9976-4ee7e840c998", "object_repr": "", "action_flag": 2, "change_message": "[{\"changed\": {\"fields\": [\"formatter\"]}}]"}}, {"model": "admin.logentry", "pk": 40, "fields": {"action_time": "2016-12-22T02:43:04.345Z", "user": 1, "content_type": 1, "object_id": "2697f1d1-1fc6-489a-b9e6-66f48b2482cf", "object_repr": "depart", "action_flag": 2, "change_message": "[{\"changed\": {\"fields\": [\"formatter\"]}}]"}}, {"model": "admin.logentry", "pk": 41, "fields": {"action_time": "2016-12-22T02:43:11.382Z", "user": 1, "content_type": 1, "object_id": "0915ef86-a804-40c7-8b28-bf398847e288", "object_repr": "", "action_flag": 2, "change_message": "[{\"changed\": {\"fields\": [\"formatter\"]}}]"}}, {"model": "admin.logentry", "pk": 42, "fields": {"action_time": "2016-12-22T03:25:16.680Z", "user": 1, "content_type": 10, "object_id": "PITT", "object_repr": "Pittsburg/Bay Point", "action_flag": 2, "change_message": "[{\"changed\": {\"fields\": [\"head_station\", \"hex_color\"]}}]"}}, {"model": "admin.logentry", "pk": 43, "fields": {"action_time": "2016-12-22T03:25:54.147Z", "user": 1, "content_type": 10, "object_id": "SFIA", "object_repr": "San Francisco Int'l Airport", "action_flag": 2, "change_message": "[{\"changed\": {\"fields\": [\"head_station\", \"hex_color\"]}}]"}}, {"model": "admin.logentry", "pk": 44, "fields": {"action_time": "2016-12-22T03:30:47.885Z", "user": 1, "content_type": 10, "object_id": "MLBR", "object_repr": "Millbrae", "action_flag": 2, "change_message": "[{\"changed\": {\"fields\": [\"head_station\", \"hex_color\"]}}]"}}, {"model": "admin.logentry", "pk": 45, "fields": {"action_time": "2016-12-22T03:31:27.347Z", "user": 1, "content_type": 10, "object_id": "FRMT", "object_repr": "Fremont", "action_flag": 2, "change_message": "[{\"changed\": {\"fields\": [\"head_station\", \"hex_color\"]}}]"}}, {"model": "admin.logentry", "pk": 46, "fields": {"action_time": "2016-12-22T03:31:48.542Z", "user": 1, "content_type": 10, "object_id": "DALY", "object_repr": "Daly City", "action_flag": 2, "change_message": "[{\"changed\": {\"fields\": [\"head_station\", \"hex_color\"]}}]"}}, {"model": "admin.logentry", "pk": 47, "fields": {"action_time": "2016-12-22T03:31:58.460Z", "user": 1, "content_type": 10, "object_id": "24TH", "object_repr": "24th St. Mission", "action_flag": 2, "change_message": "[{\"changed\": {\"fields\": [\"head_station\", \"hex_color\"]}}]"}}, {"model": "admin.logentry", "pk": 48, "fields": {"action_time": "2016-12-22T03:34:14.268Z", "user": 1, "content_type": 10, "object_id": "DALY", "object_repr": "Daly City", "action_flag": 2, "change_message": "[{\"changed\": {\"fields\": [\"hex_color\"]}}]"}}, {"model": "admin.logentry", "pk": 49, "fields": {"action_time": "2016-12-22T03:34:45.053Z", "user": 1, "content_type": 10, "object_id": "DUBL", "object_repr": "Dublin/Pleasanton", "action_flag": 2, "change_message": "[{\"changed\": {\"fields\": [\"head_station\", \"hex_color\"]}}]"}}, {"model": "admin.logentry", "pk": 50, "fields": {"action_time": "2016-12-22T03:49:15.780Z", "user": 1, "content_type": 11, "object_id": "1", "object_repr": "Line object", "action_flag": 1, "change_message": "[{\"added\": {}}]"}}, {"model": "admin.logentry", "pk": 51, "fields": {"action_time": "2016-12-22T03:51:49.039Z", "user": 1, "content_type": 11, "object_id": "2", "object_repr": "Line object", "action_flag": 1, "change_message": "[{\"added\": {}}]"}}, {"model": "admin.logentry", "pk": 52, "fields": {"action_time": "2016-12-22T03:54:02.964Z", "user": 1, "content_type": 11, "object_id": "3", "object_repr": "Line object", "action_flag": 1, "change_message": "[{\"added\": {}}]"}}, {"model": "admin.logentry", "pk": 53, "fields": {"action_time": "2016-12-22T03:55:22.174Z", "user": 1, "content_type": 11, "object_id": "4", "object_repr": "Line object", "action_flag": 1, "change_message": "[{\"added\": {}}]"}}, {"model": "admin.logentry", "pk": 54, "fields": {"action_time": "2016-12-22T03:55:27.616Z", "user": 1, "content_type": 11, "object_id": "2", "object_repr": "Line object", "action_flag": 2, "change_message": "[]"}}, {"model": "admin.logentry", "pk": 55, "fields": {"action_time": "2016-12-22T03:55:34.084Z", "user": 1, "content_type": 11, "object_id": "3", "object_repr": "Line object", "action_flag": 2, "change_message": "[]"}}, {"model": "admin.logentry", "pk": 56, "fields": {"action_time": "2016-12-22T03:55:40.191Z", "user": 1, "content_type": 11, "object_id": "1", "object_repr": "Line object", "action_flag": 2, "change_message": "[]"}}, {"model": "admin.logentry", "pk": 57, "fields": {"action_time": "2016-12-22T03:57:04.232Z", "user": 1, "content_type": 11, "object_id": "5", "object_repr": "Line object", "action_flag": 1, "change_message": "[{\"added\": {}}]"}}]